{
  "name": "veryautoPHP",
  "lockfileVersion": 2,
  "requires": true,
  "packages": {
    "": {
      "dependencies": {
        "bootstrap": "^5.2.3",
        "js-datepicker": "^5.18.2"
      }
    },
    "node_modules/@popperjs/core": {
      "version": "2.11.6",
      "resolved": "https://registry.npmjs.org/@popperjs/core/-/core-2.11.6.tgz",
      "integrity": "sha512-50/17A98tWUfQ176raKiOGXuYpLyyVMkxxG6oylzL3BPOlA6ADGdK7EYunSa4I064xerltq9TGXs8HmOk5E+vw==",
      "peer": true,
      "funding": {
        "type": "opencollective",
        "url": "https://opencollective.com/popperjs"
      }
    },
    "node_modules/bootstrap": {
      "version": "5.2.3",
      "resolved": "https://registry.npmjs.org/bootstrap/-/bootstrap-5.2.3.tgz",
      "integrity": "sha512-cEKPM+fwb3cT8NzQZYEu4HilJ3anCrWqh3CHAok1p9jXqMPsPTBhU25fBckEJHJ/p+tTxTFTsFQGM+gaHpi3QQ==",
      "funding": [
        {
          "type": "github",
          "url": "https://github.com/sponsors/twbs"
        },
        {
          "type": "opencollective",
          "url": "https://opencollective.com/bootstrap"
        }
      ],
      "peerDependencies": {
        "@popperjs/core": "^2.11.6"
      }
    },
    "node_modules/js-datepicker": {
      "version": "5.18.2",
      "resolved": "https://registry.npmjs.org/js-datepicker/-/js-datepicker-5.18.2.tgz",
      "integrity": "sha512-lBh5tIwb1ewDVlNHuwczoLiMhTFWnGYuHSA7ONAPKyMeofIFZDFGeOZ71UTY/Mk2evJJt+L66ec/RiXUy8XzEg=="
    }
  },
  "dependencies": {
    "@popperjs/core": {
      "version": "2.11.6",
      "resolved": "https://registry.npmjs.org/@popperjs/core/-/core-2.11.6.tgz",
      "integrity": "sha512-50/17A98tWUfQ176raKiOGXuYpLyyVMkxxG6oylzL3BPOlA6ADGdK7EYunSa4I064xerltq9TGXs8HmOk5E+vw==",
      "peer": true
    },
    "bootstrap": {
      "version": "5.2.3",
      "resolved": "https://registry.npmjs.org/bootstrap/-/bootstrap-5.2.3.tgz",
      "integrity": "sha512-cEKPM+fwb3cT8NzQZYEu4HilJ3anCrWqh3CHAok1p9jXqMPsPTBhU25fBckEJHJ/p+tTxTFTsFQGM+gaHpi3QQ==",
      "requires": {}
    },
    "js-datepicker": {
      "version": "5.18.2",
      "resolved": "https://registry.npmjs.org/js-datepicker/-/js-datepicker-5.18.2.tgz",
      "integrity": "sha512-lBh5tIwb1ewDVlNHuwczoLiMhTFWnGYuHSA7ONAPKyMeofIFZDFGeOZ71UTY/Mk2evJJt+L66ec/RiXUy8XzEg=="
    }
  }
}
